Headline,Published_Date,Article,Source_URL
Why Nitish is still preferred choice for many Bihar voters despite four terms,,"A ground report reveals there's little sign of anti-incumbency or voter fatigue. This is true even among sections of Muslims, a community traditionally opposed to BJP, the chief minister's primary ally in Bihar This is a TOI+ story The PDF version of daily newspaper Read today's ePaper Exclusive stories with in-depth coverage across multiple topics, expert opinions & more. Exclusive audio content for a comprehensive understanding of the whole story 6 weekly newsletters delivered to you inbox- Gender+, Health+, Wealth+, Education+, WorkLife+, WorldWatch+ Unlock free subscriptions & exciting offers on 20+ premium brands. Enjoy uninteruppted reading experience with minimal ads Get all of ETPrime including ET exclusives and 5 daily newsletters This is a TOI+ story Copyright  2024 Bennett, Coleman & Co. Ltd. All rights reserved. For reprint rights: Times Syndication Service.",https://timesofindia.indiatimes.com/toi-plus/politics/why-nitish-is-still-preferred-choice-for-many-bihar-voters-despite-four-terms/articleshow/125132086.cms
Will Bihar vote for change or continuity?,,"Four independent surveys show Tejashwi Yadavs generational appeal, Nitish Kumars governance record, and Prashant Kishors disruptive Jan Suraaj movement are each drawing distinct sections of the electorate. So, who will win? This is a TOI+ story The PDF version of daily newspaper Read today's ePaper Exclusive stories with in-depth coverage across multiple topics, expert opinions & more. Exclusive audio content for a comprehensive understanding of the whole story 6 weekly newsletters delivered to you inbox- Gender+, Health+, Wealth+, Education+, WorkLife+, WorldWatch+ Unlock free subscriptions & exciting offers on 20+ premium brands. Enjoy uninteruppted reading experience with minimal ads Get all of ETPrime including ET exclusives and 5 daily newsletters This is a TOI+ story Copyright  2024 Bennett, Coleman & Co. Ltd. All rights reserved. For reprint rights: Times Syndication Service.",https://timesofindia.indiatimes.com/toi-plus/politics/will-bihar-vote-for-change-or-continuity/articleshow/125107923.cms
Why uncertainty over Nitish may be BJP’s biggest tactical mistake,,"Ahead of a crucial state election that some say is a three-way contest, an expert explains what could play a major role in deciding the results. This is a TOI+ story The PDF version of daily newspaper Read today's ePaper Exclusive stories with in-depth coverage across multiple topics, expert opinions & more. Exclusive audio content for a comprehensive understanding of the whole story 6 weekly newsletters delivered to you inbox- Gender+, Health+, Wealth+, Education+, WorkLife+, WorldWatch+ Unlock free subscriptions & exciting offers on 20+ premium brands. Enjoy uninteruppted reading experience with minimal ads Get all of ETPrime including ET exclusives and 5 daily newsletters This is a TOI+ story Copyright  2024 Bennett, Coleman & Co. Ltd. All rights reserved. For reprint rights: Times Syndication Service.",https://timesofindia.indiatimes.com/toi-plus/politics/why-uncertainty-over-nitish-may-be-bjps-biggest-tactical-mistake/articleshow/125105471.cms
Mumbai’s mayor is just a figurehead. Should it copy the NYC model?,,"Zohran Mamdanis election as New York Citys mayor has revived the debate on whether Mumbai should also get an empowered mayor in order to fix the citys problems This is a TOI+ story The PDF version of daily newspaper Read today's ePaper Exclusive stories with in-depth coverage across multiple topics, expert opinions & more. Exclusive audio content for a comprehensive understanding of the whole story 6 weekly newsletters delivered to you inbox- Gender+, Health+, Wealth+, Education+, WorkLife+, WorldWatch+ Unlock free subscriptions & exciting offers on 20+ premium brands. Enjoy uninteruppted reading experience with minimal ads Get all of ETPrime including ET exclusives and 5 daily newsletters This is a TOI+ story Copyright  2024 Bennett, Coleman & Co. Ltd. All rights reserved. For reprint rights: Times Syndication Service.",https://timesofindia.indiatimes.com/toi-plus/politics/mumbais-mayor-is-just-a-figurehead-should-it-copy-the-nyc-model/articleshow/125128992.cms
"BJP as partner, Nitish Kumar may take oath as CM for record 9th time",,"Bihar CM Nitish Kumar to join NDA alliance again? Nitish Kumar set to dump RJD, may take oath as Bihar chief minister again with BJP's support Govt should be formed by forming alliance: Sunil Kumar Pintu amid talks of JDU-BJP alliance Just a rumour RJDs Manoj Jha rejects chances of JDU forming alliance with BJP ""Nitish Kumar has lost his credibility: Cong leader Acharya Pramod Krishnam on political turmoil in Bihar",https://timesofindia.indiatimes.com/politics/news/bjp-as-partner-nitish-kumar-to-take-oath-as-cm-for-record-9th-time/articleshow/107197935.cms
No rest for Maharashtra Speaker as January 31 deadline for NCP case looms,,Explained: What led Ajit Pawar to ditch uncle Sharad Pawar?,https://timesofindia.indiatimes.com/politics/news/no-rest-for-maharashtra-speaker-as-jan-31-deadline-for-ncp-case-looms/articleshow/106722909.cms
Rahul Gandhi raises caste census pitch again: Will it help Congress in 2024 Lok Sabha elections?,,"After 'Bharat Jodo Yatra', Rahul Gandhi to undertake 'Bharat Nyay Yatra' from Manipur to Mumbai OBCs and Extremely Backward Classes form 63% of Bihar population, shows caste survey Bihar caste survey: CM Nitish Kumar says will raise reservation for OBCs from 50% to 65% Rahul Gandhi interacts with wrestler Bajrang Punia at Virender Arya Akhara in Jhajjar",https://timesofindia.indiatimes.com/politics/news/rahul-gandhi-raises-caste-census-pitch-again-will-it-help-congress-in-2024-lok-sabha-elections/articleshow/106356396.cms
BJP not opposed to caste census but won't make a hasty move: Amit Shah,,"Chhattisgarh assembly polls 2023: Caste-based census will begin in two hours if voted to power at Centre, says Rahul Gandhi",https://timesofindia.indiatimes.com/politics/news/bjp-not-opposed-to-caste-census-but-wont-make-a-hasty-move-amit-shah/articleshow/104960420.cms
2024 Lok Sabha elections: Why Congress strategy with focus on Karnataka could fail,,BJPs attempts to defame Karnataka govt wont work: Mallikarjun Kharge,https://timesofindia.indiatimes.com/politics/news/lok-sabha-elections-2024-lok-sabha-elections-lok-sabha-polls-congress-congress-in-karnataka-bjp-in-karnataka-pm-modi-rahul-gandhi-siddaramaiah-randeep-surjewala-dk-shivakumar-jds/articleshow/104889941.cms
"'If Congress behaves like this ... ': Snubbed in Madhya Pradesh, Akhilesh Yadav has a piece of advice for grand old party",,"'No alliance with congress...': Upset Akhilesh Yadav on no seat sharing with Congress in Madhya Pradesh elections If Congress behaves like this, who will trust them? Akhilesh Yadav fumes over seat-sharing in MP",https://timesofindia.indiatimes.com/politics/news/akhilesh-yadav-congress-ajay-rai-madhya-pradesh-assembly-elections-samajwadi-party-india-congress-sp-seat-sharing-bjp-shivraj-singh-chouhan-rahul-gandhi-mallikarjun-kharge-kamal-nath/articleshow/104588293.cms
'Congress in many ways a family-run party': Shashi Tharoor blunts Rahul Gandhi's 'dynasty' attack on BJP,,"Rahul Gandhi on dynasty politics: ""Last I checked, Amit Shah's son was running Indian cricket""",https://timesofindia.indiatimes.com/politics/news/shashi-tharoor-rahul-gandhi-congress-bjp-dynasty-politics-jay-shah-amit-shah-rajnath-singh-anurag-thakur-mallikarjun-kharge-pm-modi/articleshow/104504002.cms
"'Will not go with BJP in Karnataka': Senior JD(S) leader revolts against Deve Gowda's alliance decision, hints at possible split in party",,"Assembly elections in Mizoram, Chhattisgarh, MP, Rajasthan and Telangana: Watch the complete schedule Rajasthan Minister Pratap Khachariyawas critiques BJP's internal strife and candidate list ahead of state assembly elections",https://timesofindia.indiatimes.com/politics/news/will-not-go-with-bjp-in-karnataka-senior-jds-leader-revolts-against-deve-gowdas-alliance-decision-hints-at-possible-split-in-party/articleshow/104472682.cms
'Jatadhara’ Twitter review: Sonakshi Sinha's dark avatar shocks; netizens call it 'A spiritual experience',,(Picture Courtesy: Facebook),https://timesofindia.indiatimes.com/entertainment/telugu/movies/news/jatadhara-twitter-review-sonakshi-sinhas-dark-avatar-shocks-netizens-call-it-a-spiritual-experience/articleshow/125147392.cms
